domain,accelerator,cohort
0xbridge.xyz,"Techstars","2025"
10xdental.com,"Y Combinator","Winter 2025"
10xscience.com,"Y Combinator","Winter 2026"
21st.dev,"Y Combinator","Winter 2026"
4admin.co.uk,"TinySeed","Spring 2025"
6thsense.dev,"Y Combinator","Summer 2026"
83sciences.ai,"Y Combinator","Summer 2026"
9mothers.com,"Y Combinator","Spring 2026"
a0.dev,"Y Combinator","Winter 2025"
a1zap.com,"Y Combinator","Winter 2025"
abinitio-bio.com,"Y Combinator","Spring 2026"
absurd.com,"Y Combinator","Fall 2025"
accelidea.com,"Techstars","2025"
acceptgo.co,"Techstars","2025"
acolite.ai,"Y Combinator","Spring 2025"
acrely.ai,"Y Combinator","Summer 2025"
actual.ai,"Alchemist","Class 39"
adam.new,"Y Combinator","Winter 2025"
adaptional.com,"Y Combinator","Summer 2025"
adentris.com,"Y Combinator","Spring 2025"
adialante.com,"Y Combinator","Spring 2026"
adrich.io,"Alchemist","Class 41"
adsmom.com,"500 Global",""
advancedmetalresearch.com,"Y Combinator","Spring 2026"
advocatewellbeing.com,"a16z Speedrun","SR006"
aegishealth.us,"Y Combinator","Spring 2025"
aemon.ai,"Y Combinator","Winter 2026"
afterquery.com,"Y Combinator","Winter 2025"
agent.nexus,"Y Combinator","Fall 2025"
agentastra.ai,"a16z Speedrun","SR005"
agentcard.sh,"Y Combinator","Summer 2026"
agenticfabriq.com,"Y Combinator","Winter 2026"
agentin.ai,"Y Combinator","Winter 2025"
agentmail.to,"Y Combinator","Summer 2025"
agentphone.ai,"Y Combinator","Spring 2026"
agilitas.group,"Techstars","2025"
agnost.ai,"Y Combinator","Summer 2026"
agtools.ai,"Alchemist","Class 40"
aicepower.com,"Y Combinator","Spring 2026"
aidrx.app,"Techstars","2025"
aimedica.ai,"Techstars","2025"
aino.world,"500 Global",""
aircaps.com,"Y Combinator","Fall 2025"
airweave.ai,"Y Combinator","Spring 2025"
aisi-x.com,"Alchemist","Class 41"
aisynergy.eu,"Techstars","2025"
ajalabs.co,"Techstars","2025"
akkari.io,"Y Combinator","Spring 2026"
aktoria.com,"Y Combinator","Summer 2026"
alaradental.com,"Y Combinator","Summer 2025"
albacore.inc,"Y Combinator","Summer 2025"
alephlab.ai,"Y Combinator","Fall 2025"
alethica.com,"Techstars","2025"
alice.tech,"Y Combinator","Winter 2025"
alike.work,"a16z Speedrun","SR006"
alkali.engineering,"Y Combinator","Spring 2025"
alkera.ai,"Y Combinator","Summer 2026"
alloovium.com,"Y Combinator","Summer 2026"
allsale.ai,"500 Global",""
allumbra.com,"Techstars","2026"
allus.ai,"Y Combinator","Fall 2025"
almond.bot,"Y Combinator","Spring 2025"
alpakagames.co,"a16z Speedrun","SR004"
alpharesearch.nyc,"Y Combinator","Spring 2025"
alstenimedical.com,"Techstars","2025"
alt-x.co,"Y Combinator","Winter 2026"
alterauth.com,"Y Combinator","Summer 2025"
alterecho.io,"Techstars","2025"
altior.academy,"Techstars","2025"
altrina.com,"Y Combinator","Winter 2025"
altur.io,"Y Combinator","Summer 2025"
ambiguous.io,"a16z Speedrun","SR005"
amboras.com,"Y Combinator","Spring 2026"
ambral.com,"Y Combinator","Summer 2025"
amdahl.ai,"a16z Speedrun","SR006"
amerahealthsolutions.com,"Y Combinator","Fall 2025"
amika.dev,"Y Combinator","Fall 2025"
amimodo.org,"Techstars","2025"
amissa.com,"Techstars","2026"
amulet.so,"Y Combinator","Summer 2026"
analogcraft.ai,"Techstars","2026"
anchr.tech,"a16z Speedrun","SR005"
andamio.io,"Techstars","2025"
andoveranalytics.co,"Techstars","2025"
andthen.chat,"a16z Speedrun","SR005"
andustry.com,"Y Combinator","Spring 2026"
anoria.com,"Y Combinator","Spring 2026"
answerthis.io,"Y Combinator","Fall 2025"
ant61.com,"Techstars","2025"
antigen.sh,"Y Combinator","Fall 2025"
antiherostudios.com,"a16z Speedrun","SR006"
anto.bio,"Y Combinator","Fall 2025"
any-lens.com,"Alchemist","Class 41"
apolloatomics.com,"Y Combinator","Spring 2026"
approxima.ai,"Y Combinator","Winter 2026"
apriority.ai,"Techstars","2025"
aquashieldai.com,"Y Combinator","Spring 2026"
ara.so,"Y Combinator","Spring 2026"
aravolta.com,"Y Combinator","Spring 2025"
arbia.io,"Techstars","2025"
arbor-insight.com,"Techstars","2025"
archal.ai,"Y Combinator","Summer 2026"
archermoney.com,"Y Combinator","Spring 2026"
archon.inc,"Y Combinator","Winter 2025"
arcprize.org,"Y Combinator","Winter 2026"
arctic.health,"Y Combinator","Spring 2026"
arcticar.com,"Techstars","2026"
ardentech.ai,"Y Combinator","Spring 2026"
argalabs.com,"Y Combinator","Spring 2026"
args.io,"Y Combinator","Summer 2025"
argu.ai,"a16z Speedrun","SR005"
arithmedics.com,"Alchemist","Class 40"
arlo1.com,"Y Combinator","Spring 2026"
armature.tech,"Y Combinator","Spring 2026"
armeta.ai,"Alchemist","Class 41"
artifact.engineer,"Y Combinator","Winter 2025"
arzana.com,"Y Combinator","Spring 2026"
asendia.ai,"Y Combinator","Spring 2026"
aseonlabs.com,"Y Combinator","Spring 2026"
ashr.io,"Y Combinator","Winter 2026"
aside.com,"Y Combinator","Fall 2025"
askbron.ai,"Y Combinator","Fall 2025"
askclara.com,"Y Combinator","Spring 2026"
askedgar.io,"TinySeed","Fall 2025"
askgrapple.com,"Techstars","2025"
askhenna.com,"Techstars","2025"
askjo.ai,"Y Combinator","Spring 2026"
asksamie.com,"Techstars","2026"
askshepherd.ai,"Y Combinator","Summer 2026"
aspect.inc,"Y Combinator","Fall 2025"
assemble.ai,"Y Combinator","Summer 2026"
assemblia.ai,"TinySeed","Spring 2025"
assistant-ui.com,"Y Combinator","Winter 2025"
asterlab.ai,"Y Combinator","Spring 2026"
asteroid.ai,"Y Combinator","Winter 2025"
asterquanta.com,"Alchemist","Class 41"
astor.app,"Y Combinator","Summer 2025"
astroenergy.ai,"Y Combinator","Winter 2025"
athenahq.ai,"Y Combinator","Winter 2025"
athion.io,"Techstars","2025"
atlasdiscovery.bio,"Y Combinator","Summer 2026"
atlasgrid.ai,"Y Combinator","Fall 2025"
atlog.ai,"Y Combinator","Spring 2025"
atomisticinsights.com,"Alchemist","Class 39"
atrios.com,"a16z Speedrun","SR005"
atrisa.ai,"Y Combinator","Spring 2026"
atrium.io,"Techstars","2025"
atronous.ai,"Alchemist","Class 39"
attunehq.com,"Y Combinator","Spring 2025"
atum.works,"Y Combinator","Spring 2025"
auditocity.com,"Techstars","2025"
auron.solutions,"Techstars","2026"
aurorincad.com,"Y Combinator","Winter 2026"
auto.inc,"a16z Speedrun","SR006"
automax.ai,"Y Combinator","Fall 2025"
autonom.cc,"Techstars","2025"
autosana.ai,"Y Combinator","Summer 2025"
autositu.com,"Y Combinator","Winter 2026"
autostep.ai,"Y Combinator","Spring 2026"
autumnai.com,"Y Combinator","Winter 2026"
auxilius.ai,"Techstars","2025"
avallon.ai,"Y Combinator","Spring 2025"
avariefemcare.com,"Techstars","2025"
avearobotics.com,"Y Combinator","Spring 2026"
avelishealth.com,"Y Combinator","Summer 2025"
avenir.com.ai,"a16z Speedrun","SR005"
aventindustrial.com,"Y Combinator","Summer 2025"
avidoai.com,"Techstars","2025"
avionova.tech,"Techstars","2025"
aviro.ai,"Y Combinator","Spring 2025"
avoice.co,"Y Combinator","Winter 2026"
awen.ai,"Y Combinator","Winter 2025"
axal.ai,"Y Combinator","Winter 2025"
axcces.com,"Techstars","2025"
axelrod.live,"Y Combinator","Summer 2026"
axemsolutions.io,"Techstars","2025"
axiom.trade,"Y Combinator","Winter 2025"
axionorbital.space,"Y Combinator","Winter 2026"
axisanalysis.com,"Y Combinator","Winter 2026"
axoncapital.co,"a16z Speedrun","SR005"
azimov.ai,"a16z Speedrun","SR005"
azora.space,"Techstars","2025"
b12-labs.com,"Y Combinator","Summer 2025"
backhouseshop.com,"Techstars","2025"
baniql.com,"500 Global",""
baseframe.co,"Y Combinator","Winter 2026"
baudlabs.ai,"Y Combinator","Summer 2026"
beaconhealth.ai,"Y Combinator","Winter 2026"
beaubble.com,"500 Global",""
becalab.org,"Techstars","2025"
becomeautonomous.com,"Y Combinator","Fall 2025"
beesafe.ai,"Y Combinator","Winter 2026"
beesys.net,"Techstars","2025"
behaivior.com,"Techstars","2025"
belongrewards.com,"a16z Speedrun","SR006"
belvedir.ai,"Y Combinator","Summer 2026"
benekinetic.com,"Techstars","2025"
bentolabs.ai,"Y Combinator","Spring 2026"
besimple.ai,"Y Combinator","Spring 2025"
bestdefense.io,"Techstars","2025"
bettaknit.com,"Techstars","2025"
better-auth.com,"Y Combinator","Spring 2025"
bettercharge.ai,"Techstars","2025"
beyondreachlabs.com,"Y Combinator","Winter 2026"
bigomics.ch,"Alchemist","Class 39"
biio.ai,"Alchemist","Class 39"
bild-engineering.io,"Techstars","2025"
bild.ai,"Y Combinator","Winter 2025"
bilrost.ai,"a16z Speedrun","SR006"
bindwell.ai,"Y Combinator","Winter 2025"
biohackuio.com,"Techstars","2025"
biolinco.com,"Techstars","2026"
biotoken.world,"Techstars","2025"
biotransporthealth.com,"Techstars","2025"
birthmodel.com,"Techstars","2025"
birtht.xyz,"Techstars","2025"
bitboard.work,"Y Combinator","Spring 2025"
bitedata.io,"Techstars","2025"
bitgrit.com,"Alchemist","Class 39"
bitpatrol.io,"Y Combinator","Spring 2025"
bitrig.com,"Y Combinator","Summer 2025"
bizmark.ai,"Y Combinator","Summer 2026"
blank.bio,"Y Combinator","Summer 2025"
blaxel.ai,"Y Combinator","Spring 2025"
blindpay.com,"Y Combinator","Winter 2025"
bloccpay.com,"Techstars","2025"
bloom.diy,"Y Combinator","Spring 2025"
bloomylearning.com,"Y Combinator","Summer 2026"
bluelightmaps.com,"TinySeed","Fall 2025"
bluenavy.org,"Techstars","2026"
blueshoe.com,"Y Combinator","Spring 2025"
bolna.ai,"Y Combinator","Fall 2025"
bondapp.io,"Y Combinator","Spring 2025"
bookoapp.com,"Y Combinator","Winter 2026"
boostrobotics.ai,"Y Combinator","Spring 2025"
bootloop.ai,"Y Combinator","Summer 2025"
bota.dev,"a16z Speedrun","SR006"
botbot.com,"a16z Speedrun","SR005"
boxtree.gg,"Techstars","2025"
bramantebio.com,"Y Combinator","Spring 2025"
branddu.com,"500 Global",""
bravi.app,"Y Combinator","Fall 2025"
brickanta.com,"Y Combinator","Fall 2025"
brickwiseai.com,"Y Combinator","Fall 2025"
briefcase.technology,"Techstars","2025"
briefhq.ai,"a16z Speedrun","SR005"
brio.ink,"Techstars","2025"
brixely.com,"Techstars","2025"
browse.dev,"Y Combinator","Summer 2025"
browser-use.com,"Y Combinator","Winter 2025"
bubblelab.ai,"Y Combinator","Winter 2026"
bud.app,"Y Combinator","Winter 2025"
bugster.dev,"500 Global",""
buildwithglue.com,"Y Combinator","Winter 2026"
builtblock.com,"Techstars","2026"
buoy.fish,"Alchemist","Class 41"
burthq.com,"Y Combinator","Winter 2026"
butter.dev,"Y Combinator","Winter 2025"
buttoncomputer.com,"Y Combinator","Winter 2026"
bystreet.com,"Y Combinator","Winter 2025"
byteport.com,"Y Combinator","Winter 2026"
c7-security.com,"500 Global",""
cactuscompute.com,"Y Combinator","Summer 2025"
caddy.app,"Y Combinator","Fall 2025"
caj.al,"Y Combinator","Winter 2026"
callab.ai,"Y Combinator","Spring 2026"
calltree.ai,"Y Combinator","Winter 2025"
candor.security,"Y Combinator","Winter 2025"
cantajuegaconmigo.com,"Techstars","2025"
capacitive.ai,"Y Combinator","Spring 2025"
carbonsifr.com,"500 Global",""
cardamon.ai,"Y Combinator","Winter 2025"
carecycle.ai,"Y Combinator","Winter 2025"
caregp.com.au,"Y Combinator","Summer 2026"
careswift.com,"Y Combinator","Summer 2025"
caretta.so,"Y Combinator","Winter 2026"
carevisionai.com,"500 Global",""
cargofax.co,"TinySeed","Spring 2025"
cargon.com,"500 Global",""
cartpole.com,"Y Combinator","Spring 2025"
cascaded.ai,"Techstars","2025"
cascadespace.com,"Y Combinator","Spring 2025"
casco.com,"Y Combinator","Spring 2025"
caseflood.ai,"Y Combinator","Winter 2025"
caseyinsure.com,"Y Combinator","Fall 2025"
catchbackcards.com,"Y Combinator","Winter 2026"
celltype.com,"Y Combinator","Winter 2026"
centralcoms.com,"Y Combinator","Spring 2026"
cerenovus.ai,"Y Combinator","Summer 2026"
cerevanta.com,"Techstars","2026"
certus-ai.com,"Y Combinator","Summer 2025"
char.com,"Y Combinator","Summer 2025"
characterquilt.com,"Y Combinator","Spring 2026"
chasi.ai,"Y Combinator","Winter 2026"
cheddr.xyz,"a16z Speedrun","SR004"
cheriexx.com,"500 Global",""
chestnutmortgage.com,"Y Combinator","Spring 2025"
chilongevity.com,"500 Global",""
chimelabs.ai,"500 Global",""
chronicle-labs.com,"Y Combinator","Spring 2026"
chronicler.io,"a16z Speedrun","SR004"
chrt.com,"Y Combinator","Spring 2025"
cifrato.ai,"Y Combinator","Winter 2025"
cignara.com,"Y Combinator","Spring 2026"
cipra.ai,"Techstars","2025"
circle.gs,"a16z Speedrun","SR004"
cisgam.com,"Techstars","2025"
citrusoncology.com,"Techstars","2026"
cladlabs.ai,"Y Combinator","Fall 2025"
claimglide.com,"Y Combinator","Winter 2026"
claimhealth.com,"Y Combinator","Spring 2025"
clarm.com,"Y Combinator","Spring 2025"
clawvisor.com,"Y Combinator","Spring 2026"
clearsolarco.com,"Techstars","2025"
clidey.com,"Y Combinator","Spring 2025"
clikr.ai,"Alchemist","Class 38"
clinova.ai,"500 Global",""
clodo.ai,"Y Combinator","Summer 2025"
closera.com,"Y Combinator","Summer 2025"
closure-intel.com,"Y Combinator","Winter 2025"
cloud9.money,"Techstars","2025"
cloudrenovation.com,"Techstars","2026"
clubspoker.com,"a16z Speedrun","SR004"
co-sign.ai,"Alchemist","Class 40"
coalition.systems,"a16z Speedrun","SR006"
coasts.dev,"Y Combinator","Fall 2025"
coasty.ai,"Y Combinator","Summer 2026"
cocreate.so,"Y Combinator","Summer 2025"
codag.ai,"Y Combinator","Summer 2026"
codahx.com,"Techstars","2025"
codealmanac.com,"Y Combinator","Summer 2026"
codefour.us,"Y Combinator","Spring 2025"
codewisp.ai,"Y Combinator","Winter 2026"
codyco.ai,"Y Combinator","Fall 2025"
cofia.ai,"Y Combinator","Winter 2026"
cognitiveview.com,"Alchemist","Class 38"
cohesionplatform.com,"Y Combinator","Spring 2026"
cohesiverobotics.com,"Techstars","2026"
combinely.ai,"Y Combinator","Spring 2025"
comena.ai,"Y Combinator","Summer 2025"
complir.io,"Y Combinator","Spring 2026"
complybridge.xyz,"500 Global",""
complydo.io,"Y Combinator","Fall 2025"
composehealth.ai,"Techstars","2025"
compresr.ai,"Y Combinator","Winter 2026"
compyle.ai,"Y Combinator","Fall 2025"
comuhack.com,"Techstars","2025"
concordahq.com,"a16z Speedrun","SR006"
concordaretrials.com,"Techstars","2026"
condor.energy,"Y Combinator","Winter 2026"
confident-ai.com,"Y Combinator","Winter 2025"
confluence.sh,"Y Combinator","Winter 2026"
congruent.io,"Y Combinator","Winter 2026"
conifer.build,"Y Combinator","Summer 2026"
constellation.space,"Y Combinator","Winter 2026"
contera.ai,"Techstars","2025"
context.dev,"Y Combinator","Summer 2026"
contextfort.ai,"Y Combinator","Summer 2025"
contrario.ai,"Y Combinator","Winter 2025"
controlseat.com,"Y Combinator","Summer 2026"
convexia.bio,"Y Combinator","Summer 2025"
coordicare.app,"Techstars","2025"
copperlane.ai,"Y Combinator","Winter 2026"
corelayer.com,"Y Combinator","Winter 2026"
corsair.dev,"Y Combinator","Winter 2025"
cortexrobot.ai,"Y Combinator","Fall 2025"
corvera.ai,"Y Combinator","Winter 2026"
cosmicrobotics.com,"Y Combinator","Summer 2026"
costream.ai,"Y Combinator","Summer 2025"
cotool.ai,"Y Combinator","Spring 2025"
cova.care,"Y Combinator","Summer 2026"
coverd.us,"a16z Speedrun","SR004"
coverstar.app,"a16z Speedrun","SR004"
cranston.ai,"Y Combinator","Fall 2025"
craon.ai,"500 Global",""
creativo.ai,"Techstars","2025"
crebitpay.com,"a16z Speedrun","SR006"
crimson.law,"Y Combinator","Spring 2025"
cronwell.ai,"Techstars","2025"
cropmind.ca,"Techstars","2025"
crosslayerlabs.com,"Y Combinator","Winter 2026"
crossxcheck.com,"Techstars","2025"
crystalaos.com,"Techstars","2025"
cua.ai,"Y Combinator","Spring 2025"
cubic.dev,"Y Combinator","Spring 2025"
cuckoo.so,"Y Combinator","Winter 2025"
cultivaet.net,"500 Global",""
cumuluslabs.io,"Y Combinator","Winter 2026"
customerbase.ai,"Techstars","2025"
cyanotypebio.com,"Alchemist","Class 39"
cyberdesk.io,"Y Combinator","Summer 2025"
cytodyme.com,"Techstars","2025"
dabl.io,"Techstars","2025"
daivin.tech,"Y Combinator","Winter 2026"
dalus.io,"Y Combinator","Winter 2025"
daqstra.com,"Y Combinator","Summer 2026"
dari.dev,"Y Combinator","Fall 2025"
dartboardenergy.com,"Y Combinator","Winter 2025"
darwin.so,"a16z Speedrun","SR004"
datafruit.ai,"Y Combinator","Summer 2025"
datapeers.co,"TinySeed","Spring 2025"
datatherm.net,"Techstars","2025"
datoric.com,"Y Combinator","Summer 2026"
daypasscr.com,"Techstars","2025"
decimalcode.com,"Techstars","2025"
dedaluslabs.ai,"Y Combinator","Summer 2025"
deepgrove.ai,"Y Combinator","Summer 2025"
deepinteractions.ai,"Y Combinator","Spring 2026"
deeptrace.com,"Y Combinator","Fall 2025"
degla.ai,"Y Combinator","Fall 2026"
delineate.pro,"Y Combinator","Winter 2025"
denki.ai,"Y Combinator","Fall 2025"
designarena.ai,"Y Combinator","Summer 2025"
dev-plaza.com,"Alchemist","Class 41"
dev.fast,"Y Combinator","Winter 2026"
dialoguslabs.com,"Y Combinator","Summer 2026"
didit.me,"Y Combinator","Winter 2026"
diffender.com,"Alchemist","Class 40"
digipals.app,"Y Combinator","Fall 2025"
diligencesquared.com,"Y Combinator","Fall 2025"
discoveredmaterials.com,"Y Combinator","Spring 2026"
dispatch.space,"Y Combinator","Spring 2026"
dispatchersystems.com,"a16z Speedrun","SR005"
dittobio.com,"Y Combinator","Winter 2026"
dleader.co.jp,"Techstars","2025"
docketqa.com,"Y Combinator","Spring 2025"
docologyhealth.ai,"Techstars","2025"
docurahealth.com,"Y Combinator","Winter 2026"
doe.so,"Y Combinator","Summer 2025"
dollyglot.com,"Y Combinator","Winter 2025"
domeapi.io,"Y Combinator","Fall 2025"
donkey.trade,"Y Combinator","Summer 2026"
donkit.ai,"Alchemist","Class 40"
doomersion.com,"Y Combinator","Winter 2026"
double5th.com,"a16z Speedrun","SR004"
doubledusk.com,"a16z Speedrun","SR004"
doublespeed.ai,"a16z Speedrun","SR005"
drafted.ai,"Y Combinator","Spring 2026"
duranium.co,"Y Combinator","Summer 2025"
e-cross.tech,"500 Global",""
earendil.io,"Y Combinator","Summer 2026"
earnlearn.us,"Techstars","2025"
easyshake.xyz,"Techstars","2025"
ecogear.co.kr,"500 Global",""
ed1th.com,"Y Combinator","Spring 2026"
edenrobotics.ai,"Y Combinator","Spring 2026"
edexia.com,"Y Combinator","Winter 2025"
edgar.co,"a16z Speedrun","SR004"
edufi.tech,"500 Global",""
edviroenergy.com,"Y Combinator","Summer 2026"
efference.ai,"500 Global; Y Combinator","Fall 2025"
efficientsc.com,"Techstars","2025"
effigov.com,"Y Combinator","Summer 2025"
egeogrid.com,"500 Global",""
ego.ist,"Y Combinator","Summer 2026"
eigenpal.com,"Y Combinator","Winter 2026"
elementix.ai,"TinySeed","Fall 2025"
elephint.ai,"500 Global",""
eloquentai.co,"Y Combinator","Spring 2025"
elyrasystems.com,"Y Combinator","Spring 2026"
emanate.ai,"a16z Speedrun","SR006"
embedder.com,"Y Combinator","Summer 2025"
embryoxite.life,"Techstars","2025"
emdash.ai,"Y Combinator","Winter 2026"
emergences.ai,"500 Global",""
emissionfreegenerators.com,"Techstars","2025"
emkubar.org,"Techstars","2025"
empallo.com,"Techstars","2025"
emssoap.com,"TinySeed","Fall 2025"
endclose.com,"Y Combinator","Winter 2026"
endl.io,"500 Global",""
enhancedradar.com,"Y Combinator","Winter 2025"
enjamb.ai,"Y Combinator","Spring 2026"
entropicalabs.com,"Alchemist","Class 41"
envariant.ai,"Y Combinator","Winter 2026"
epicenter.so,"Y Combinator","Summer 2025"
erad.co,"500 Global",""
essentialinno.com,"Techstars","2026"
etathsolide.com,"Alchemist","Class 41"
evercurrent.ai,"a16z Speedrun","SR005"
everestagi.com,"Y Combinator","Fall 2025"
evermuse.com,"500 Global",""
everysim.io,"500 Global",""
evolveplatform.ai,"500 Global",""
evrim.ai,"Techstars","2025"
exactrx.ai,"Techstars","2025"
excellence-ai.com,"Y Combinator","Winter 2025"
exintherapeutics.com,"Y Combinator","Winter 2025"
exitous.co,"Techstars","2025"
exla.ai,"Y Combinator","Winter 2025"
exonic.ai,"Y Combinator","Fall 2025"
exordi.io,"Techstars","2025"
expanse.sh,"Y Combinator","Spring 2026"
expectedparrot.com,"Y Combinator","Fall 2025"
experientiallabs.ai,"Y Combinator","Summer 2026"
ezraailabs.tech,"a16z Speedrun","SR005"
f2.ai,"Y Combinator","Summer 2025"
f4.dev,"Y Combinator","Summer 2025"
fabraix.com,"Y Combinator","Summer 2026"
faqtor.io,"500 Global",""
fashionlab.tech,"500 Global",""
fastshot.ai,"Y Combinator","Fall 2025"
fearn.ai,"a16z Speedrun","SR005"
fed10.ai,"Y Combinator","Winter 2026"
feesable.ai,"500 Global",""
felixfusion.ai,"Alchemist; Techstars","Class 39; 2025"
fenrock.ai,"Y Combinator","Winter 2026"
fern.bot,"Y Combinator","Winter 2026"
fernstone.com,"Y Combinator","Fall 2025"
feyenally.com,"Techstars","2025"
fibrx.io,"Techstars","2025"
fifthdoor.com,"Y Combinator","Fall 2025"
figment.games,"a16z Speedrun","SR004"
finaldose.ai,"Y Combinator","Spring 2026"
finbar.com,"Y Combinator","Winter 2025"
fintalo.com,"Techstars","2025"
firaresearch.com,"Y Combinator","Winter 2025"
firewarden.ai,"Techstars","2025"
first-genx.com,"Techstars","2025"
fixture.app,"Y Combinator","Winter 2026"
fleetline.ai,"Y Combinator","Summer 2025"
flextogether.com,"Techstars","2026"
flick.art,"Y Combinator","Fall 2025"
floot.com,"Y Combinator","Summer 2025"
floracene.com,"Y Combinator","Summer 2026"
florafauna.ai,"a16z Speedrun","SR004"
florin.inc,"Y Combinator","Summer 2026"
flotthq.com,"Y Combinator","Spring 2025"
flowmanual.com,"Y Combinator","Summer 2026"
flowscope.com,"Y Combinator","Spring 2026"
flowtel.ai,"Y Combinator","Winter 2025"
fluenceinsights.com,"Alchemist","Class 39"
foaster.ai,"Y Combinator","Spring 2026"
foodstreamnetwork.com,"Techstars","2025"
foreman.co,"Y Combinator","Winter 2026"
foresight.tt,"Y Combinator","Spring 2026"
forge-robotics.com,"Y Combinator","Fall 2025"
forgeautomation.ca,"Y Combinator","Winter 2025"
forgebee.buzz,"Techstars","2026"
fort.cx,"Y Combinator","Winter 2026"
forum.market,"Y Combinator","Winter 2026"
foundation-industries.com,"Y Combinator","Spring 2025"
fovionics.com,"Techstars","2025"
framewisehealth.com,"Y Combinator","Spring 2026"
freeportmarkets.com,"Y Combinator","Fall 2025"
freesolo.co,"Y Combinator","Spring 2025"
frekil.com,"Y Combinator","Spring 2025"
freyavoice.ai,"Y Combinator","Summer 2025"
frizzle.com,"Y Combinator","Summer 2025"
frnt.co,"Techstars","2025"
fromolive.com,"Y Combinator","Winter 2025"
frontierbio.com,"Alchemist","Class 38"
fulcrumresearch.ai,"Y Combinator","Summer 2025"
fullseam.com,"Y Combinator","Winter 2026"
fungifix.org,"Techstars","2025"
fuse.is,"Alchemist","Class 40"
galenai.com,"Y Combinator","Spring 2025"
galenhealth.org,"Techstars","2025"
galevisa.com,"Y Combinator","Winter 2025"
gamgee.io,"Y Combinator","Summer 2026"
gem-logic.com,"TinySeed","Fall 2025"
general-instinct.com,"Y Combinator","Spring 2026"
general.legal,"Y Combinator","Winter 2026"
generalastro.com,"Y Combinator","Winter 2026"
generalaviation.com,"Y Combinator","Spring 2026"
generalmagic.inc,"a16z Speedrun","SR005"
generaltrajectory.com,"Y Combinator","Winter 2025"
generationenvironment.com,"Techstars","2025"
genghis.pro,"Techstars","2025"
genway.ai,"a16z Speedrun","SR004"
genwealth.app,"Techstars","2025"
getalfa.ai,"Alchemist","Class 38"
getanana.com,"Y Combinator","Spring 2025"
getartifact.com,"a16z Speedrun","SR005"
getasap.us,"Y Combinator","Summer 2025"
getauctor.com,"Y Combinator","Spring 2025"
getbalance.ai,"Y Combinator","Winter 2026"
getbesty.ai,"Alchemist","Class 40"
getbiostack.com,"Y Combinator","Spring 2026"
getbluebook.com,"Y Combinator","Winter 2025"
getbluejay.ai,"Y Combinator","Spring 2025"
getbluma.com,"Y Combinator","Fall 2025"
getburnt.ai,"Y Combinator","Summer 2025"
getcedar.ai,"a16z Speedrun","SR006"
getcircle.ai,"500 Global",""
getcohesiveai.com,"Y Combinator","Spring 2025"
getcomputable.com,"Y Combinator","Summer 2026"
getdayjob.ai,"Y Combinator","Spring 2026"
getden.io,"Y Combinator","Spring 2025"
getdivergence.com,"Alchemist","Class 41"
getfrontline.ai,"500 Global",""
getfuchsia.ai,"Y Combinator","Spring 2026"
getgild.com,"Techstars","2026"
gethealthkey.com,"Y Combinator","Winter 2025"
gethevn.com,"Y Combinator","Spring 2026"
getinboxzero.com,"TinySeed","Spring 2025"
getirongrid.com,"Y Combinator","Summer 2025"
getkanu.com,"a16z Speedrun","SR005"
getkashikoi.com,"Y Combinator","Spring 2025"
getklira.com,"Techstars","2025"
getlark.ai,"Y Combinator","Summer 2025"
getlexi.io,"Y Combinator","Fall 2025"
getlilac.com,"Y Combinator","Summer 2025"
getmodern.ai,"Y Combinator","Spring 2026"
getnao.io,"Y Combinator","Spring 2025"
getnivara.com,"Y Combinator","Fall 2025"
getpaloma.ai,"Y Combinator","Summer 2025"
getpartyhat.com,"a16z Speedrun","SR006"
getprescience.com,"Y Combinator","Summer 2026"
getrally.com,"Y Combinator","Winter 2025"
getrenn.com,"Techstars","2025"
getsocratix.ai,"Y Combinator","Summer 2025"
getsombra.com,"TinySeed","Spring 2025"
getsoullink.com,"a16z Speedrun","SR005"
getspice.com,"500 Global",""
getspindle.com,"TinySeed","Spring 2025"
getstructured.ai,"Y Combinator","Fall 2025"
getsumly.com,"Techstars","2026"
getswerve.com,"Y Combinator","Winter 2025"
gettireswing.com,"Y Combinator","Winter 2025"
getwow.ai,"500 Global",""
ghosted.co,"a16z Speedrun","SR004"
ghosteye.ai,"Y Combinator","Summer 2025"
giantrocketship.com,"TinySeed","Fall 2025"
gigacatalyst.com,"Y Combinator","Spring 2026"
glidely.ai,"Alchemist","Class 41"
glnkco.com,"Y Combinator","Winter 2025"
gobundled.com,"Techstars","2025"
goclicks.ai,"Y Combinator","Fall 2025"
godela.ai,"Y Combinator","Spring 2025"
godhands.dev,"Y Combinator","Fall 2026"
goekpa.com,"Y Combinator","Summer 2026"
gofinto.com,"Y Combinator","Summer 2025"
goharvest.ai,"Techstars","2025"
gohashio.com,"TinySeed","Fall 2025"
gojiberry.ai,"Y Combinator","Spring 2026"
gokarsa.com,"Y Combinator","Winter 2025"
goldbridgebanking.com,"Y Combinator","Fall 2025"
goldilockssmartsolutions.com,"Techstars","2025"
golf.dev,"Y Combinator","Spring 2025"
gominimal.ai,"Y Combinator","Summer 2025"
gophrapp.com,"Techstars","2025"
governata.com,"500 Global",""
govguard.com,"Y Combinator","Spring 2026"
grably.us,"Techstars","2025"
granter.ai,"Techstars","2025"
gravy.finance,"Y Combinator","Spring 2026"
greathorn.games,"a16z Speedrun","SR004"
greypointindustries.ca,"Y Combinator","Summer 2026"
grove.tax,"a16z Speedrun","SR006"
growarbol.com,"Techstars","2025"
gru.space,"Y Combinator","Winter 2026"
grybascr.com,"Techstars","2025"
guildai.co,"Y Combinator","Summer 2026"
guruaranceles.com,"Techstars","2025"
habitrobotics.com,"Y Combinator","Spring 2025"
haboomoney.com,"Techstars","2025"
haladir.com,"Y Combinator","Winter 2026"
halluminate.ai,"Y Combinator","Summer 2025"
halstedhealth.ai,"Techstars","2025"
handelbay.com,"TinySeed","Spring 2026"
handyhelp.app,"Techstars","2025"
hanji.dev,"Y Combinator","Spring 2025"
hapware.com,"Techstars","2025"
harbera.com,"Y Combinator","Winter 2025"
hardly-work.com,"Techstars","2025"
hardwareintelligence.ai,"Y Combinator","Summer 2026"
harperinsure.com,"Y Combinator","Winter 2025"
havilo.ai,"Alchemist","Class 41"
healthkeri.com,"Techstars","2025"
heaviai.com,"a16z Speedrun","SR006"
hedgespecialty.com,"Y Combinator","Spring 2026"
helix-db.com,"Y Combinator","Spring 2025"
hello.modality.ai,"Alchemist","Class 38"
helloeos.ai,"Y Combinator","Winter 2026"
helonic.com,"Y Combinator","Fall 2025"
hemut.com,"Y Combinator","Spring 2025"
hera.video,"Y Combinator","Summer 2025"
herahealthsolutions.com,"Alchemist","Class 40"
herbieplan.com,"500 Global",""
herm.run,"Y Combinator","Spring 2025"
herstage.app,"Techstars","2025"
hessian.sh,"Y Combinator","Spring 2026"
hex.co,"Y Combinator","Winter 2026"
hexaagents.com,"Y Combinator","Spring 2026"
heyblue.com,"Y Combinator","Summer 2025"
heyclicky.com,"Y Combinator","Spring 2026"
heyhyper.ai,"Y Combinator","Spring 2026"
heylua.ai,"Y Combinator","Fall 2025"
heynouri.com,"Techstars","2025"
heyopal.com,"Techstars","2025"
heypocket.com,"Y Combinator","Winter 2026"
heysavant.com,"Y Combinator","Spring 2026"
heytelo.com,"Y Combinator","Winter 2025"
hillclimb.com,"Y Combinator","Fall 2025"
hirenimbus.com,"Techstars","2025"
hiresteve.ai,"Techstars","2025"
hiveownership.com,"Techstars","2026"
hlaboratories.com,"Y Combinator","Winter 2026"
hoopcare.com,"Techstars","2025"
hooper.gg,"a16z Speedrun","SR004"
hop-aero.com,"Y Combinator","Summer 2026"
hoplite.sh,"Y Combinator","Summer 2026"
horalix.com,"Techstars","2025"
hotbox.app,"a16z Speedrun","SR006"
hothawk.ai,"TinySeed","Spring 2025"
hq.moku.gg,"a16z Speedrun","SR004"
hub.xyz,"Y Combinator","Spring 2026"
hublysurgical.com,"Alchemist","Class 40"
hubtalk.ai,"Alchemist","Class 41"
hud.ai,"Y Combinator","Winter 2025"
humanarchive.ai,"Y Combinator","Winter 2026"
humanbehavior.co,"Y Combinator","Spring 2025"
humansdeliver.com,"Techstars","2025"
humbrela.com,"Techstars","2025"
humeo.com,"500 Global",""
humoniq.ai,"Y Combinator","Summer 2025"
humwork.ai,"Y Combinator","Spring 2026"
huscarl.io,"Y Combinator","Spring 2026"
hutsy.ca,"Techstars","2025"
hypercubic.ai,"Y Combinator","Fall 2025"
hyperprobe.co,"Y Combinator","Summer 2026"
hyperspell.com,"Y Combinator","Fall 2025"
icarus.one,"Y Combinator","Fall 2025"
idilio.tv,"a16z Speedrun","SR006"
idler.ai,"Y Combinator","Summer 2025"
ilikhealth.com,"500 Global",""
illumelabs.ai,"Y Combinator","Summer 2026"
imagineai.me,"Y Combinator","Fall 2025"
immigify.com,"Techstars","2025"
immpro.net,"Techstars","2026"
imperfect.co,"Y Combinator","Spring 2026"
imprezia.ai,"Y Combinator","Summer 2025"
incandor.com,"Y Combinator","Spring 2026"
incidentfox.ai,"Y Combinator","Winter 2026"
index-robotics.com,"500 Global",""
indoralabs.com,"Techstars","2026"
inductionlabs.com,"Y Combinator","Summer 2026"
industrialdynamicsco.com,"Alchemist","Class 41"
infera.bio,"Y Combinator","Spring 2026"
infinite.dev,"Y Combinator","Winter 2025"
infis.ai,"Alchemist","Class 40"
inkbox.ai,"Y Combinator","Summer 2026"
inloop-robotics.com,"Y Combinator","Spring 2026"
insforge.dev,"Y Combinator","Spring 2026"
insightbox.ai,"Alchemist","Class 38"
instaagent.com,"Alchemist; Y Combinator","Class 41; Spring 2026"
instancelabs.ai,"Y Combinator","Summer 2026"
instaplay.ai,"Y Combinator","Summer 2026"
instinct-space.com,"Y Combinator","Winter 2025"
instinct.xyz,"Y Combinator","Winter 2026"
insurf.io,"Y Combinator","Summer 2026"
intangible.ai,"a16z Speedrun","SR004"
intelital.com,"Techstars","2025"
intelizen.co,"Techstars","2026"
intelligence-factory.com,"Y Combinator","Spring 2026"
interfaze.ai,"Y Combinator","Spring 2026"
interfere.com,"Y Combinator","Summer 2025"
inth.com,"Y Combinator","Spring 2026"
inventoryquant.com,"Y Combinator","Winter 2026"
inventumbiotech.com,"Techstars","2025"
inversionsemi.com,"Y Combinator","Winter 2025"
inviscidai.com,"Y Combinator","Winter 2026"
ipos.shop,"TinySeed","Fall 2025"
irbc.com,"Y Combinator","Spring 2025"
ironledger.ai,"Y Combinator","Summer 2025"
isengardindustries.com,"Y Combinator","Summer 2026"
item.app,"Y Combinator","Fall 2025"
jamfamilycalendar.com,"Techstars","2025"
janet.ai,"Y Combinator","Summer 2025"
jarmin.ai,"Y Combinator","Fall 2025"
jeevyfabrication.com,"Y Combinator","Spring 2025"
jigsaw.build,"a16z Speedrun","SR005"
jinba.io,"Y Combinator","Winter 2026"
joinallswell.com,"Techstars","2025"
joinbins.com,"a16z Speedrun","SR005"
joincenote.com,"Y Combinator","Winter 2025"
joindex.com,"Y Combinator","Winter 2025"
joindrafted.com,"Techstars","2026"
joinergo.com,"Y Combinator","Winter 2025"
joinkaya.com,"Techstars","2025"
joinoasis.com,"a16z Speedrun","SR006"
joinomi.com,"a16z Speedrun","SR006"
joinsitch.com,"a16z Speedrun","SR004"
joinvalor.com,"a16z Speedrun","SR004"
joinvega.com,"a16z Speedrun","SR005"
jooba.com,"a16z Speedrun","SR005"
juniper.tech,"Techstars","2025"
junocompanion.com,"Y Combinator","Spring 2026"
juphy.com,"Alchemist","Class 39"
justinianai.com,"Y Combinator","Summer 2026"
juxta.com,"Y Combinator","Summer 2025"
juxtabyte.com,"Techstars","2025"
kaaro.ai,"a16z Speedrun","SR006"
kaavio.ai,"Techstars","2025"
kaelio.com,"Y Combinator","Spring 2025"
kaigohealth.ai,"Y Combinator","Fall 2025"
kaizenautomation.com,"Y Combinator","Spring 2025"
kalinda.ai,"Y Combinator","Summer 2025"
kalpalabs.ai,"Y Combinator","Fall 2025"
kanava.ai,"Y Combinator","Spring 2025"
karoo.ca,"Y Combinator","Winter 2025"
karpatia.tech,"500 Global",""
kartorium.com,"Techstars","2025"
karumi.ai,"Y Combinator","Fall 2025"
kaspix.ai,"Alchemist","Class 40"
kebra.ai,"Y Combinator","Summer 2026"
kelaitech.com,"Y Combinator","Spring 2026"
kensai.ai,"Techstars","2026"
kernel.sh,"Y Combinator","Summer 2025"
kestral.ai,"Y Combinator","Spring 2025"
kestrellabs.com,"Techstars","2025"
keyframelabs.com,"Y Combinator","Spring 2026"
keystonebio.co,"Techstars","2025"
khaki.email,"Techstars","2025"
kimaru.ai,"Alchemist","Class 40"
kimpton.ai,"Y Combinator","Spring 2026"
kindredvoice.ai,"Techstars","2025"
kinro.com,"Y Combinator","Spring 2026"
kintow.com,"a16z Speedrun","SR005"
kirana-ai.com,"Y Combinator","Spring 2025"
klaimee.ai,"Y Combinator","Spring 2026"
klarify.ca,"Y Combinator","Spring 2026"
klausai.com,"Y Combinator","Winter 2026"
klavis.ai,"Y Combinator","Spring 2025"
knowlify.com,"Y Combinator","Summer 2025"
koalalab.com,"Alchemist","Class 39"
korsoai.com,"Y Combinator","Spring 2026"
koyal.ai,"Y Combinator","Fall 2025"
kugelaudio.com,"Y Combinator","Spring 2026"
kuli.one,"Y Combinator","Spring 2026"
kumpels.com.co,"Techstars","2025"
kwikpik.io,"Techstars","2025"
kytentech.com,"Y Combinator","Winter 2026"
lab0.ai,"Y Combinator","Spring 2026"
labric.co,"Y Combinator","Spring 2025"
labyrinth.io,"a16z Speedrun","SR004"
laibl.co,"Techstars","2025"
lakonia.us.com,"Y Combinator","Fall 2025"
laminalabs.ai,"Y Combinator","Spring 2026"
lance.live,"Y Combinator","Winter 2026"
landng.com,"Techstars","2025"
lanesurf.com,"Y Combinator","Summer 2025"
lastaccountingcompany.com,"Y Combinator","Summer 2026"
latolabs.io,"Y Combinator","Summer 2026"
latticehealthai.com,"Y Combinator","Spring 2026"
laundris.com,"Alchemist","Class 40"
laurence.com,"Y Combinator","Winter 2026"
layerpath.com,"a16z Speedrun","SR004"
leadbay.ai,"Y Combinator","Fall 2025"
leadtruffle.com,"TinySeed","Spring 2025"
leapingai.com,"Y Combinator","Winter 2025"
learngud.com,"Techstars","2025"
leeroo.com,"Y Combinator","Spring 2025"
legaleaze.co,"Techstars","2025"
legalos.ai,"Y Combinator","Winter 2026"
legitify.eu,"Alchemist","Class 39"
lekondo.com,"a16z Speedrun","SR005"
lemonlime.ai,"Y Combinator","Summer 2026"
lemonsintheroom.com,"Techstars","2025"
lendkoi.com,"Techstars","2025"
levocred.com,"Y Combinator","Summer 2026"
lexius.ai,"Y Combinator","Winter 2026"
librabots.com,"Y Combinator","Summer 2026"
libretto.sh,"Y Combinator","Spring 2025"
lightanchor.ai,"Y Combinator","Spring 2026"
lightberry.com,"Y Combinator","Fall 2025"
lightsprint.ai,"Y Combinator","Spring 2026"
lilliputtech.com,"Techstars","2025"
lim.run,"Y Combinator","Spring 2026"
limy.ai,"a16z Speedrun","SR005"
lineerobotics.com,"Alchemist","Class 41"
linesight-ai.com,"Techstars","2026"
linsol.kr,"500 Global",""
linzumi.com,"Y Combinator","Spring 2026"
litlyx.com,"Techstars","2025"
litmushiring.com,"Y Combinator","Summer 2026"
livsho.tv,"500 Global",""
lizachat.ai,"Techstars","2025"
llm-stats.com,"Y Combinator","Summer 2025"
loadex.ai,"Alchemist","Class 38"
loanlabs.ai,"a16z Speedrun","SR005"
locatahealth.com,"Y Combinator","Summer 2025"
logical.health,"a16z Speedrun","SR005"
logical.io,"Y Combinator","Fall 2025"
logosguard.com,"Y Combinator","Fall 2025"
loopid.com,"Alchemist","Class 39"
loopsai.com,"a16z Speedrun","SR006"
lopus.ai,"Y Combinator","Winter 2025"
lotas.ai,"Y Combinator","Summer 2025"
lucelabs.ai,"Alchemist","Class 41"
lucenthq.com,"Y Combinator","Winter 2026"
lucid.ai,"Y Combinator","Winter 2025"
lucidic.ai,"Y Combinator","Winter 2025"
lucis.life,"Y Combinator","Spring 2025"
lucor.ai,"Techstars","2025"
luel.ai,"Y Combinator","Winter 2026"
lumari.ai,"Y Combinator","Spring 2025"
luminadata.ai,"Techstars","2025"
luminal.com,"Y Combinator","Summer 2025"
lumius-imaging.com,"Y Combinator","Spring 2026"
lunabill.com,"Y Combinator","Fall 2025"
lunavo.ai,"Y Combinator","Fall 2025"
lunchlab.me,"500 Global",""
macadamialabs.com,"Y Combinator","Winter 2025"
machine0.io,"Y Combinator","Summer 2026"
madebythomas.ai,"Y Combinator","Spring 2026"
madethis.com,"Y Combinator","Fall 2025"
madrone.cool,"Y Combinator","Spring 2026"
magnetictax.com,"Y Combinator","Summer 2025"
magnitude.dev,"Y Combinator","Summer 2025"
mahmi.bio,"Alchemist","Class 41"
maicall.ai,"500 Global",""
mail.cedarcopilot.com,"Y Combinator","Winter 2025"
maingen.ai,"Y Combinator","Summer 2026"
maisonsafqa.com,"500 Global",""
maive.ai,"Y Combinator","Winter 2025"
makingautoeasy.com,"Techstars","2025"
mangodesk.com,"Y Combinator","Summer 2025"
mangomedical.io,"Y Combinator","Winter 2026"
maniac.ai,"a16z Speedrun","SR005"
manicule.dev,"Y Combinator","Spring 2026"
manifoldindustries.ai,"Y Combinator","Summer 2026"
mantas.ai,"500 Global",""
mantisanalytics.com,"Alchemist","Class 40"
mantisbiotech.com,"Y Combinator","Winter 2026"
manufact.com,"Y Combinator","Summer 2025"
manufacturingintelligence.org,"Y Combinator","Summer 2026"
maquoketa.net,"Y Combinator","Spring 2026"
mara.inc,"a16z Speedrun","SR004"
marginfs.com,"a16z Speedrun","SR005"
maritimefusion.com,"Y Combinator","Winter 2025"
markittrade.com,"Y Combinator","Fall 2025"
markovstudios.com,"Y Combinator","Summer 2026"
marlo.today,"a16z Speedrun","SR004"
martini.film,"Y Combinator","Winter 2026"
mastra.ai,"Y Combinator","Winter 2025"
masverde.sv,"Techstars","2025"
materiaintel.com,"Techstars","2025"
mayflowervisa.com,"Y Combinator","Fall 2025"
maywoodai.com,"Y Combinator","Winter 2026"
mbodi.ai,"Y Combinator","Spring 2025"
mecha-health.ai,"Y Combinator","Winter 2025"
medicusai.co,"Techstars","2025"
meetdex.ai,"a16z Speedrun","SR005"
meetquinn.ai,"a16z Speedrun","SR006"
melon.sa,"500 Global",""
melurna.com,"Alchemist","Class 40"
memory.store,"Y Combinator","Spring 2026"
mendral.com,"Y Combinator","Winter 2026"
mentra.glass,"Y Combinator","Winter 2025"
menza.ai,"Y Combinator","Winter 2026"
mercura.ai,"Y Combinator","Winter 2025"
mesmer.co,"Y Combinator","Spring 2025"
metal.so,"a16z Speedrun","SR005"
metorial.com,"Y Combinator","Fall 2025"
milliray.com,"Y Combinator","Winter 2026"
mindfort.ai,"Y Combinator","Spring 2025"
mindframe.care,"Techstars","2025"
minicor.com,"Y Combinator","Spring 2026"
ministudio.ai,"a16z Speedrun","SR004"
miniswap.gg,"Y Combinator","Fall 2025"
minro.com,"Y Combinator","Fall 2025"
miraka.ai,"a16z Speedrun","SR006"
mireye.com,"Y Combinator","Summer 2026"
mirrormirrorai.com,"a16z Speedrun","SR006"
miruvor.ai,"500 Global",""
misolabs.ai,"Y Combinator","Spring 2026"
misprint.com,"Y Combinator","Winter 2025"
missionaccomplished.app,"Techstars","2025"
missionlens.org,"TinySeed","Spring 2026"
miyagilabs.ai,"Y Combinator","Winter 2025"
mlop.ai,"Y Combinator","Spring 2025"
mobyanalytics.com,"Y Combinator","Spring 2025"
mochacare.com,"Y Combinator","Winter 2026"
mochatrade.com,"Y Combinator","Spring 2026"
moda.dev,"Y Combinator","Winter 2026"
modaic.dev,"a16z Speedrun","SR006"
modelence.com,"Y Combinator","Summer 2025"
modernindustrials.com,"a16z Speedrun","SR006"
modoahorro.net,"Techstars","2025"
moescape.ai,"a16z Speedrun","SR005"
molagri.com,"Y Combinator","Summer 2026"
momoselfcare.com,"a16z Speedrun","SR005"
monarcha.ai,"Y Combinator","Summer 2025"
monaventures.co,"Techstars","2025"
montecaldera.com,"Techstars","2025"
moona.health,"a16z Speedrun","SR005"
moritzlegal.com,"Y Combinator","Winter 2026"
morphik.ai,"Y Combinator","Spring 2025"
morpho.ai,"Y Combinator","Spring 2025"
morphsys.ai,"500 Global",""
mosaic.so,"Y Combinator","Winter 2025"
moss.dev,"Y Combinator","Fall 2025"
motherbeing.com,"500 Global",""
motives.ai,"Y Combinator","Summer 2025"
mount.insure,"Y Combinator","Spring 2026"
mousecat.ai,"Y Combinator","Winter 2026"
movedot.ai,"Y Combinator","Fall 2025"
mspilot.io,"Y Combinator","Fall 2025"
multifactor.com,"Y Combinator","Fall 2025"
mundoai.world,"Y Combinator","Winter 2025"
munify.ai,"Y Combinator","Summer 2025"
museai.au,"Techstars","2025"
muval.work,"Techstars","2025"
myapplixy.com,"Techstars","2025"
mybots.pro,"500 Global",""
mymoodbit.com,"Alchemist","Class 38"
myunowallet.com,"Y Combinator","Spring 2026"
myvalio.com,"Techstars","2025"
n0labs.com,"Y Combinator","Fall 2025"
nachonacho.com,"Alchemist","Class 40"
namalab.com.mx,"Alchemist","Class 38"
napkinmath.club,"Y Combinator","Spring 2026"
narrative-sports.com,"Y Combinator","Fall 2025"
narrativebanking.com,"Techstars","2025"
nautilus.co,"Y Combinator","Summer 2025"
ndea.com,"Y Combinator","Winter 2026"
nebusec.ai,"Y Combinator","Summer 2026"
nee-ai.com,"Techstars","2025"
neoncoral.inc,"Y Combinator","Spring 2025"
nephrogenbiotech.com,"Techstars","2025"
nera.systems,"Techstars","2025"
nerviom.com,"Y Combinator","Fall 2025"
nessielabs.com,"Y Combinator","Fall 2025"
netter.ai,"Y Combinator","Spring 2026"
neuraldefend.com,"Techstars","2025"
neurotype.uk,"Techstars","2026"
nex.ad,"a16z Speedrun","SR004"
nex.ai,"Y Combinator","Summer 2026"
nexa.farm,"Y Combinator","Summer 2025"
nexiu.ai,"500 Global",""
nexuslab.fr,"500 Global",""
nexxa.ai,"a16z Speedrun","SR005"
nilo.io,"a16z Speedrun","SR004"
nimbic-ai.com,"Y Combinator","Spring 2025"
ninefives.com,"Y Combinator","Spring 2026"
nitrode.com,"Y Combinator","Winter 2025"
nodes.garden,"Techstars","2025"
nomadicdrone.com,"Alchemist","Class 38"
nomi.so,"Y Combinator","Spring 2025"
nori.ai,"Y Combinator","Fall 2025"
norirobotics.com,"Y Combinator","Summer 2026"
normalfactory.com,"Y Combinator","Summer 2025"
norra.io,"Y Combinator","Fall 2025"
noso.so,"Y Combinator","Summer 2025"
notarify.io,"Techstars","2025"
notte.cc,"Y Combinator","Summer 2025"
novaflowapp.com,"Y Combinator","Summer 2025"
novoflow.io,"Y Combinator","Spring 2025"
nowfluence.co,"Techstars","2026"
noxmetals.co,"Y Combinator","Summer 2025"
nozomio.com,"Y Combinator","Summer 2025"
nucleoresearch.com,"Y Combinator","Fall 2025"
nukleas.com,"Techstars","2026"
nuntius.ai,"Y Combinator","Summer 2025"
nvolume.com,"500 Global",""
o-id.net,"Techstars","2025"
o11.ai,"Y Combinator","Winter 2026"
oasiz.ai,"a16z Speedrun","SR006"
obertworkwear.com,"Techstars","2026"
oblixsecurity.com,"500 Global",""
oddpool.com,"Y Combinator","Spring 2026"
offlinetalent.com,"Techstars","2026"
ofspectrum.com,"Techstars","2025"
okibi.ai,"Y Combinator","Summer 2025"
okihome.ai,"Y Combinator","Winter 2025"
okkanti.com,"Techstars","2025"
olamlabs.ai,"Y Combinator","Summer 2026"
omnara.com,"Y Combinator","Summer 2025"
oncactus.com,"Y Combinator","Spring 2025"
oncorevive.com,"Techstars","2025"
ondeckai.com,"Y Combinator","Summer 2025"
one-cp.com,"Techstars","2025"
onecli.sh,"Y Combinator","Summer 2026"
oneinbox.ai,"Techstars","2025"
onerobot.io,"Y Combinator","Winter 2026"
onlook.com,"Y Combinator","Winter 2025"
onsite.fm,"Techstars","2025"
ontora.com,"Y Combinator","Spring 2026"
ooakdata.com,"Y Combinator","Summer 2026"
opalitehealth.com,"Y Combinator","Winter 2026"
opendrawing.ai,"Techstars","2025"
openfarming.earth,"Techstars","2025"
openintake.ai,"Y Combinator","Winter 2025"
opennote.com,"Y Combinator","Summer 2025"
openrelay.inc,"Y Combinator","Summer 2026"
openroll.com,"Y Combinator","Fall 2025"
openspec.dev,"Y Combinator","Winter 2026"
opentrade.live,"Y Combinator","Summer 2026"
openworklabs.com,"Y Combinator","Spring 2026"
operand.com,"Y Combinator","Winter 2025"
operantnetworks.com,"Alchemist","Class 40"
operonsolutions.com,"Y Combinator","Summer 2026"
opti-fab.com,"Techstars","2025"
optifye.ai,"Y Combinator","Winter 2025"
optimal.lat,"500 Global",""
opusense.com,"Y Combinator","Spring 2025"
orangeslice.ai,"Y Combinator","Summer 2025"
orbes.space,"Techstars","2025"
orbitalops.tech,"Y Combinator","Winter 2025"
orchid.ai,"Y Combinator","Spring 2025"
origami-robotics.com,"Y Combinator","Winter 2026"
origamispace.com,"Techstars","2025"
origin.bio,"Y Combinator","Winter 2026"
orionfinance.ai,"Techstars","2025"
ornadyne.com,"Y Combinator","Spring 2026"
orthogonal.com,"Y Combinator","Winter 2026"
orvixo.ai,"Y Combinator","Summer 2026"
os3robotics.com,"Y Combinator","Summer 2026"
osmaura.com,"Y Combinator","Summer 2026"
osmosis.ai,"Y Combinator","Winter 2025"
osseus.ai,"Y Combinator","Summer 2026"
ossus.com,"Y Combinator","Winter 2026"
oumla.com,"500 Global",""
ourlegup.com,"Techstars","2025"
outboundlegal.com,"TinySeed","Spring 2025"
outcome.io,"a16z Speedrun","SR004"
outlit.ai,"Y Combinator","Winter 2025"
outrove.ai,"Y Combinator","Summer 2025"
outship.ai,"Y Combinator","Winter 2025"
overdrive.health,"Y Combinator","Winter 2026"
overshoot.ai,"Y Combinator","Winter 2026"
overstandlabs.com,"Y Combinator","Winter 2025"
overwatch-ai.com,"Techstars","2025"
ovida.org,"Techstars","2025"
ovlo.ai,"Y Combinator","Winter 2025"
oximy.com,"Y Combinator","Winter 2026"
oxus-ai.com,"Y Combinator","Winter 2026"
pairio.com,"Y Combinator","Spring 2026"
pairity.ca,"Alchemist","Class 40"
palettetechnology.com,"Y Combinator","Summer 2026"
palivr.com,"Techstars","2025"
pally.com,"Y Combinator","Summer 2025"
palus.finance,"Y Combinator","Winter 2026"
pango.ai,"Y Combinator","Summer 2026"
pangolin.net,"Y Combinator","Summer 2025"
panoptive.com,"Y Combinator","Summer 2025"
pantainsure.com,"Y Combinator","Winter 2026"
paperinstruments.com,"Y Combinator","Spring 2025"
papr.ai,"Techstars","2026"
parachute-ai.com,"Y Combinator","Summer 2025"
parametric.company,"Y Combinator","Fall 2025"
paraquery.com,"Y Combinator","Spring 2025"
parasma.com,"Y Combinator","Summer 2026"
parasolplatforms.com,"Techstars","2025"
paratushealth.org,"Y Combinator","Winter 2025"
pares.ai,"Y Combinator","Summer 2025"
parrotapp.com,"Y Combinator","Fall 2025"
parse.bot,"Y Combinator","Fall 2025"
parsewise.ai,"Y Combinator","Spring 2025"
parsimoni.co,"Techstars","2025"
partcl.com,"Y Combinator","Spring 2025"
patentext.com,"Alchemist","Class 41"
patentwatch.ai,"Y Combinator","Fall 2025"
pathogenix.ai,"Techstars","2025"
patientdesk.ai,"Y Combinator","Winter 2026"
pave-robotics.com,"Y Combinator","Winter 2025"
pavoot.com,"Y Combinator","Spring 2026"
pax.markets,"Y Combinator","Winter 2025"
paxhistoria.co,"Y Combinator","Winter 2026"
paycareai.com,"Alchemist","Class 41"
payna.com,"Y Combinator","Winter 2026"
paypath.ai,"a16z Speedrun","SR006"
paysponge.com,"Y Combinator","Winter 2026"
paywithlocus.com,"Y Combinator","Fall 2025"
peakmojo.ai,"Techstars","2026"
pegla.ba,"Techstars","2025"
pelica.com,"Y Combinator","Spring 2025"
pencil.dev,"a16z Speedrun","SR005"
pensehealth.com,"Techstars","2025"
pentagon.run,"Y Combinator","Spring 2026"
perceptronml.com,"Y Combinator","Summer 2026"
percy.tech,"Y Combinator","Spring 2025"
percysleep.com,"Techstars","2026"
perfectbit.ai,"Y Combinator","Spring 2026"
perfectly.so,"Y Combinator","Winter 2026"
permiguide.com,"Techstars","2025"
permitify.com,"Y Combinator","Winter 2025"
perseus.computer,"Y Combinator","Fall 2025"
perseusdefense.com,"Y Combinator","Summer 2025"
perspectiveshealth.ai,"Y Combinator","Summer 2025"
petrapower.com,"Techstars","2025"
petrarch.co,"Y Combinator","Summer 2026"
petziclub.com,"Techstars","2025"
pgdog.dev,"Y Combinator","Spring 2025"
phases.ai,"Y Combinator","Summer 2025"
philon.ai,"Y Combinator","Fall 2025"
photoniumoptics.com,"Y Combinator","Spring 2025"
physicalturing.ai,"Y Combinator","Summer 2025"
pickle.com,"Y Combinator","Winter 2025"
picpet.app,"a16z Speedrun","SR006"
piggyrobotics.com,"Y Combinator","Fall 2025"
pingo.ai,"Y Combinator","Summer 2025"
piper-ai.com,"a16z Speedrun","SR006"
pique.so,"Techstars","2025"
pirislabs.io,"Y Combinator","Winter 2026"
pixleyai.com,"Y Combinator","Fall 2025"
plan0.ai,"Y Combinator","Spring 2026"
planeo.dev,"Alchemist","Class 41"
platepost.io,"Techstars","2025"
playabl.ai,"500 Global; Y Combinator","Spring 2026"
playhealth.com,"Y Combinator","Fall 2025"
plena.health,"Y Combinator","Spring 2026"
pleom.com,"Y Combinator","Summer 2025"
plexe.ai,"Y Combinator","Spring 2025"
plexis.ai,"Techstars","2025"
plexusaero.space,"Techstars","2025"
plots.events,"a16z Speedrun","SR004"
ploy.ai,"Y Combinator","Spring 2026"
plurawl.com,"Techstars","2025"
pluto.trade,"Y Combinator","Winter 2025"
pluvo.io,"Alchemist; a16z Speedrun","Class 39; SR006"
pocketflow.ai,"500 Global",""
pollen.cx,"Y Combinator","Winter 2026"
pollinate.tech,"Y Combinator","Winter 2026"
polymathic-ai.org,"500 Global",""
polymathlabs.ai,"Y Combinator","Winter 2026"
polyview.health,"Alchemist","Class 40"
popperpower.com,"Alchemist","Class 41"
pops.fyi,"Y Combinator","Spring 2026"
porteria.com,"TinySeed","Fall 2025"
pothlabs.com,"Y Combinator","Summer 2026"
powerboxtech.com,"Techstars","2025"
powerdime.io,"Techstars","2026"
ppcassist.com,"TinySeed","Spring 2025"
pranadoc.com,"Y Combinator","Winter 2026"
praxi.io,"Techstars","2025"
praxim.ai,"Y Combinator","Winter 2025"
praxisrobotics.io,"Y Combinator","Summer 2026"
precision-cv.com,"500 Global",""
prefacehealth.com,"Techstars","2025"
preseen.com,"Y Combinator","Summer 2025"
presia.ai,"a16z Speedrun","SR005"
prettydata.co,"Techstars","2025"
primitive.dev,"Y Combinator","Spring 2026"
priorfoundry.com,"a16z Speedrun","SR006"
prismia.so,"Techstars","2025"
prized.dev,"Y Combinator","Summer 2026"
probo.com,"Y Combinator","Spring 2025"
proception.ai,"Y Combinator","Winter 2025"
procindex.com,"Y Combinator","Summer 2025"
profit-optimizer.com,"Techstars","2025"
projectchiron.org,"Y Combinator","Spring 2025"
projectx.cloud,"Y Combinator","Spring 2026"
proliferate.com,"Y Combinator","Summer 2025"
promex.energy,"Techstars","2025"
promptdriven.ai,"500 Global",""
promptingcompany.com,"Y Combinator","Summer 2025"
promptless.ai,"Y Combinator","Winter 2025"
promptwrx.com,"Techstars","2025"
propolis.tech,"Y Combinator","Spring 2025"
propriorobotics.com,"Y Combinator","Summer 2026"
prose.md,"Y Combinator","Spring 2026"
protent.ai,"Y Combinator","Winter 2026"
prototyping.io,"Y Combinator","Spring 2026"
provenmetal.com,"Y Combinator","Summer 2026"
proximitty.ai,"Y Combinator","Winter 2026"
pulltorefresh.earth,"Techstars","2025"
puppetrobotics.ai,"Alchemist","Class 41"
pwrmatrix.com,"Y Combinator","Spring 2025"
qdinfrared.com,"Alchemist","Class 41"
qfex.com,"Y Combinator","Spring 2025"
qluulab.com,"Techstars","2026"
qms2go.com,"Techstars","2025"
qodexquantum.ai,"Alchemist","Class 41"
qomplement.com,"Y Combinator","Spring 2026"
qoro.uk,"Alchemist","Class 41"
qualgent.ai,"Y Combinator","Spring 2025"
quantstruct.com,"Y Combinator","Winter 2025"
quiitos-ec.com,"Techstars","2025"
quissly.com,"500 Global",""
qumirnano.com,"Alchemist","Class 40"
quotain.com,"Y Combinator","Summer 2025"
rafik.legal,"Techstars","2025"
raidxai.com,"500 Global",""
rakeml.com,"Techstars","2025"
ralo.com,"Y Combinator","Spring 2025"
ramain.ai,"Y Combinator","Winter 2026"
rapidfolio.com,"Y Combinator","Summer 2026"
rarelee.co.kr,"500 Global",""
raspire.com,"500 Global; Y Combinator","Spring 2026"
raspored.netlify.app,"Techstars","2025"
rational.to,"Y Combinator","Summer 2026"
reacherapp.com,"Y Combinator","Summer 2025"
readkami.com,"500 Global",""
realpact.ai,"Y Combinator","Summer 2026"
realroots.com,"Y Combinator","Summer 2025"
reasonblocks.com,"Y Combinator","Spring 2026"
rebolt.ai,"Y Combinator","Winter 2025"
rebookify.com,"500 Global",""
rebulk.com,"Y Combinator","Summer 2025"
reciveci.com,"Techstars","2025"
recrewty.com,"Techstars","2025"
redapto.com,"Y Combinator","Fall 2025"
redbarnrobotics.com,"Y Combinator","Winter 2025"
reditus.space,"Y Combinator","Winter 2025"
reeli.ai,"Techstars","2025"
reflector.bio,"Techstars","2025"
refresh.dev,"Y Combinator","Spring 2025"
regbase.com,"Y Combinator","Spring 2026"
rejot.dev,"Y Combinator","Winter 2025"
rekursiv.ai,"Y Combinator","Summer 2026"
relling.co,"Y Combinator","Summer 2025"
remix.re,"Y Combinator","Winter 2026"
rennahealth.ai,"Alchemist","Class 41"
rentahuman.ai,"Y Combinator","Spring 2026"
rentity.ca,"Techstars","2025"
reservandoapp.com,"Techstars","2025"
ressl.ai,"Y Combinator","Winter 2026"
resti.cloud,"500 Global",""
result.dev,"Y Combinator","Spring 2026"
retrofit.shop,"Y Combinator","Winter 2025"
rette.ai,"500 Global",""
returnsignals.com,"Y Combinator","Winter 2026"
rev1.so,"Y Combinator","Winter 2026"
revion.inc,"Y Combinator","Winter 2026"
reviserobotics.com,"Y Combinator","Winter 2025"
revnu.com,"Y Combinator","Spring 2026"
rex.inc,"Y Combinator","Summer 2026"
rhizomeai.com,"Y Combinator","Winter 2026"
rimba.ai,"Y Combinator","Spring 2025"
rindler.ai,"Y Combinator","Summer 2026"
rise-reforming.com,"Y Combinator","Summer 2026"
risely.ai,"Y Combinator","Summer 2025"
risklytics.ai,"Y Combinator","Summer 2026"
ritivel.com,"Y Combinator","Winter 2026"
riverbank.sh,"Y Combinator","Summer 2025"
rivermarkets.com,"Y Combinator","Spring 2026"
rivet.design,"Y Combinator","Fall 2025"
roark.ai,"Y Combinator","Winter 2025"
robocurve.org,"Y Combinator","Summer 2026"
robodock.tech,"Y Combinator","Winter 2026"
robot-learning.co,"Y Combinator","Spring 2025"
roboticscenter.ai,"Y Combinator","Summer 2025"
rocketable.com,"Y Combinator","Winter 2025"
rootabl.com,"TinySeed","Spring 2025"
rork.com,"a16z Speedrun","SR005"
rovi.health,"Y Combinator","Fall 2025"
rowflow.ai,"Y Combinator","Summer 2025"
rudus.ai,"Y Combinator","Spring 2026"
rumacare.com,"Y Combinator","Winter 2026"
runanywhere.ai,"Y Combinator","Winter 2026"
runcanary.ai,"Y Combinator","Winter 2026"
runcaptain.com,"Y Combinator","Winter 2026"
runcascade.com,"Y Combinator","Winter 2026"
runcopycat.com,"Y Combinator","Winter 2025"
rungroundcontrol.com,"Y Combinator","Spring 2025"
runharbor.com,"Y Combinator","Spring 2026"
runinfra.ai,"Y Combinator","Fall 2026"
runparagon.com,"Y Combinator","Winter 2025"
runrehearsals.com,"a16z Speedrun","SR004"
runrl.com,"Y Combinator","Spring 2025"
runtm.com,"Y Combinator","Spring 2026"
ruvo.com,"Y Combinator","Summer 2025"
rvds.kr,"500 Global",""
ryaplatform.com,"Techstars","2025"
s2.dev,"Y Combinator","Fall 2025"
safety-bolt.com,"Techstars","2026"
safeworld.ai,"a16z Speedrun","SR006"
safqah.co,"500 Global",""
salemroboticsinc.com,"Y Combinator","Summer 2026"
salesgraph.com,"Y Combinator","Spring 2026"
salespatriot.com,"Y Combinator","Winter 2025"
salesplayx.com,"Techstars","2025"
sammylabs.com,"Y Combinator","Winter 2025"
samora.ai,"Y Combinator","Winter 2026"
sampleapp.ai,"Alchemist","Class 38"
sansstrings.studio,"a16z Speedrun","SR005"
saudara.ai,"Y Combinator","Spring 2026"
savahq.com,"Y Combinator","Fall 2025"
sazabi.com,"Y Combinator","Spring 2026"
scalarfield.io,"Y Combinator","Spring 2025"
scenario-x.ai,"500 Global",""
schedex.me,"500 Global",""
schedulingwiz.com,"Y Combinator","Winter 2026"
sciloop.dev,"Y Combinator","Fall 2025"
scooplabs.ai,"Y Combinator","Fall 2025"
scoutforschools.com,"Y Combinator","Winter 2025"
screenpipe.com,"Y Combinator","Summer 2026"
seaspireskincare.com,"Techstars","2025"
seatedwithlove.com,"Techstars","2026"
secureai.us,"Techstars","2025"
securethebags.co,"Techstars","2025"
sedso.ai,"Techstars","2025"
seeing-systems.com,"Y Combinator","Winter 2026"
selfin.app,"Y Combinator","Fall 2025"
sellara.io,"a16z Speedrun","SR006"
sellraze.com,"Y Combinator","Fall 2025"
sembleai.com,"Y Combinator","Fall 2025"
semiotic.com,"Y Combinator","Fall 2025"
sennu.ai,"Y Combinator","Winter 2025"
sensate-robotics.com,"Techstars","2026"
sentra.app,"a16z Speedrun","SR006"
sentrial.com,"Y Combinator","Winter 2026"
sequencemkts.com,"Y Combinator","Winter 2026"
serafis.ai,"Y Combinator","Summer 2025"
servicestories.com,"Techstars","2025"
servo7.com,"Y Combinator","Winter 2026"
sevdeg.com,"Techstars","2025"
sf-tensor.com,"Y Combinator","Fall 2025"
shieldedglobal.com,"Y Combinator","Summer 2026"
shiptag.com,"500 Global",""
shockwave.com,"a16z Speedrun","SR005"
shofo.ai,"Y Combinator","Winter 2026"
shopatorie.com,"a16z Speedrun","SR004"
shopra.ai,"TinySeed","Fall 2025"
shorpay.com,"Y Combinator","Summer 2025"
shortkit.dev,"Y Combinator","Winter 2026"
shotwell.ai,"Y Combinator","Spring 2026"
sidekicklearning.net,"TinySeed","Spring 2026"
siertech.com,"Techstars","2025"
sigmanticai.com,"Y Combinator","Summer 2025"
silahq.com,"Y Combinator","Winter 2026"
silienergy.kr,"500 Global",""
silmaril.dev,"Y Combinator","Spring 2026"
silverguardian.app,"Techstars","2025"
silverspurtx.com,"Techstars","2025"
sim.ai,"Y Combinator","Spring 2025"
simantic.dev,"Y Combinator","Fall 2026"
simicx.com,"Techstars","2026"
simula.ad,"a16z Speedrun","SR006"
sira.team,"Y Combinator","Summer 2025"
sitefire.ai,"Y Combinator","Winter 2026"
sitehunt.io,"TinySeed","Spring 2026"
sixtyfour.ai,"Y Combinator","Spring 2025"
skillsync.com,"Y Combinator","Winter 2026"
skymerse.com,"Y Combinator","Summer 2026"
slashy.com,"Y Combinator","Summer 2025"
slicetobuy.com,"Techstars","2025"
slideflow.ai,"Alchemist; Techstars","Class 41; 2026"
sloop.ai,"Techstars","2025"
smalltalk.tech,"Techstars","2025"
smart-bricks.com,"Techstars; a16z Speedrun","2025; SR006"
smartagrilabs.com,"Alchemist","Class 39"
smartbase.so,"Y Combinator","Spring 2026"
smartrust.me,"Techstars","2025"
smolmachines.com,"Y Combinator","Spring 2026"
snagsublets.com,"a16z Speedrun","SR006"
snowbotix.com,"Techstars","2026"
societies.io,"Y Combinator","Winter 2025"
soihtudtx.com,"Techstars","2026"
solbrowser.com,"Y Combinator","Fall 2025"
solidroad.com,"Y Combinator","Winter 2025"
solimhealth.com,"Techstars","2025"
solvatechnology.com,"Y Combinator","Summer 2025"
sonarly.com,"Y Combinator","Winter 2026"
sonatic.com,"a16z Speedrun","SR005"
sonnetai.com,"Techstars","2025"
sorano.co,"Techstars","2025"
sorce.jobs,"Y Combinator","Fall 2025"
soriaanalytics.com,"Y Combinator","Spring 2026"
sourcebot.dev,"Y Combinator","Fall 2025"
sourcererai.com,"a16z Speedrun","SR005"
soywarmi.lat,"Techstars","2025"
spacebrains.tech,"Techstars","2025"
sparkles.dev,"Y Combinator","Winter 2026"
speak.careers,"Techstars","2025"
specific.dev,"Y Combinator","Fall 2025"
speko.ai,"Y Combinator","Summer 2026"
spekter.games,"a16z Speedrun","SR004"
spiky.ai,"Alchemist","Class 40"
splash9.com,"Y Combinator","Winter 2025"
spotlight.realty,"Y Combinator","Summer 2025"
spotpay.ai,"Y Combinator","Winter 2026"
spott.io,"Y Combinator","Winter 2025"
spotwise.ai,"500 Global",""
sqkcloud.com,"Alchemist","Class 41"
squid.energy,"Y Combinator","Winter 2026"
stablebrowse.ai,"Y Combinator","Spring 2026"
stagereview.app,"Y Combinator","Spring 2026"
stagewise.io,"Y Combinator","Summer 2025"
stampmail.ai,"Y Combinator","Winter 2025"
standardsignal.com,"Y Combinator","Spring 2026"
standout.work,"Y Combinator","Spring 2026"
starsling.dev,"Y Combinator","Spring 2025"
startpinch.com,"Y Combinator","Winter 2025"
startprimer.com,"Y Combinator","Fall 2025"
statpointmedical.com,"Techstars","2025"
steinmetzmotors.com,"Y Combinator","Winter 2025"
stellonlabs.com,"Y Combinator","Summer 2025"
stemma-ai.com,"Techstars","2026"
stillwind.ai,"Y Combinator","Winter 2025"
stilta.com,"Y Combinator","Winter 2026"
stiokids.com,"Techstars","2025"
stockline.ai,"Y Combinator","Summer 2025"
stormy.ai,"Y Combinator","Summer 2025"
str3amcore.com,"Techstars","2025"
straia.io,"a16z Speedrun","SR006"
strandai.com,"Y Combinator","Winter 2026"
strongkeep.com,"500 Global",""
studious.net,"Techstars","2025"
subimage.io,"Y Combinator","Winter 2025"
sublingual.ai,"Y Combinator","Winter 2025"
subtrace.dev,"Y Combinator","Winter 2025"
subvysion.com,"Y Combinator","Summer 2026"
sunapp.ai,"a16z Speedrun","SR006"
sunflowersober.com,"Y Combinator; a16z Speedrun","Fall 2025; SR004"
sunnybotics.com,"Alchemist","Class 41"
supafax.com,"Y Combinator","Winter 2026"
superglue.ai,"Y Combinator","Winter 2025"
superlog.sh,"Y Combinator","Spring 2026"
superpenguin.ai,"Y Combinator","Winter 2026"
superset.sh,"Y Combinator","Spring 2026"
sureformhq.com,"Y Combinator","Spring 2025"
surflab.ai,"Techstars","2025"
surtrdefense.com,"Y Combinator","Spring 2026"
sweatpals.com,"a16z Speedrun","SR004"
sygaldry.com,"Y Combinator","Spring 2025"
sylvian.ai,"Y Combinator","Fall 2025"
syncere.com,"a16z Speedrun","SR006"
synphony.co,"Y Combinator","Spring 2026"
syntheticsciences.ai,"Y Combinator","Winter 2026"
syntheticsociety.ai,"Y Combinator","Summer 2025"
synthiolabs.com,"Y Combinator","Spring 2025"
synthwavedefi.com,"Techstars","2025"
syntropy.io,"Y Combinator","Winter 2026"
systellar-space.com,"Techstars","2026"
tablender.com,"Techstars","2025"
tagbase.io,"Techstars","2025"
taigabilling.com,"Y Combinator","Spring 2026"
takecareos.com,"Y Combinator","Spring 2026"
talentpluto.com,"Y Combinator","Summer 2026"
talk-labs.com,"500 Global",""
talkingcomputers.ai,"Y Combinator","Winter 2026"
tallyhq.com,"Y Combinator","Winter 2025"
talusrobotics.com,"a16z Speedrun","SR004"
tamlabs.ai,"Y Combinator","Winter 2025"
tasklet.ai,"Y Combinator","Spring 2026"
taxnova.ai,"a16z Speedrun","SR006"
tayanecklace.com,"a16z Speedrun","SR005"
tday.com,"Y Combinator","Spring 2026"
technovatime.com,"Techstars","2025"
tecto.ai,"Y Combinator","Summer 2025"
teetimetommy.com,"Y Combinator","Winter 2025"
tegore.ai,"Y Combinator","Spring 2025"
telemetron.ai,"Y Combinator","Fall 2025"
tellif.ai,"Y Combinator","Fall 2025"
tely.ai,"Alchemist","Class 39"
tenetindustries.com,"Y Combinator","Spring 2026"
tensorfield.ag,"Alchemist","Class 38"
tensorpool.dev,"Y Combinator","Winter 2025"
tensr.com,"Y Combinator","Fall 2025"
tepali.com,"Y Combinator","Winter 2026"
tergle.com,"Y Combinator","Winter 2025"
terminaluse.com,"Y Combinator","Winter 2026"
terralima.co,"Techstars","2025"
terranox.ai,"Y Combinator","Winter 2026"
tesora.ai,"Y Combinator","Summer 2025"
tester.army,"Y Combinator","Spring 2026"
text.ai,"Y Combinator","Spring 2025"
textsidekick.com,"Y Combinator","Summer 2026"
textura-hair.com,"Techstars","2025"
theanna.io,"Techstars","2025"
thebillow.ai,"Y Combinator","Summer 2026"
theblueconomy.ai,"Techstars","2025"
thechaincademy.com,"Techstars","2025"
thecompany.company,"Y Combinator","Spring 2026"
thecontextcompany.com,"Y Combinator","Fall 2025"
thehog.ai,"Y Combinator","Fall 2025"
theinterface.com,"Y Combinator","Summer 2025"
thekaizendesign.com,"Techstars","2026"
theliva.ai,"Y Combinator","Summer 2025"
thellex.com,"Techstars","2025"
thenebu.com,"500 Global",""
theorahq.com,"Y Combinator","Summer 2025"
theorem.dev,"Y Combinator","Spring 2025"
therynapp.com,"Techstars","2025"
thesirius.ai,"a16z Speedrun","SR006"
thesislabs.ai,"Y Combinator","Fall 2025"
thesparkle.ai,"500 Global",""
thetasoftware.com,"Y Combinator","Spring 2025"
thetokencompany.com,"Y Combinator","Winter 2026"
thevisionlab.ai,"Y Combinator","Spring 2025"
thirdbrainlabs.ai,"a16z Speedrun","SR006"
throxy.com,"Y Combinator","Spring 2025"
thyim.com,"Techstars","2025"
ticketwallet.com,"Y Combinator","Spring 2025"
ticvision.io,"Techstars","2025"
tinfoil.sh,"Y Combinator","Spring 2025"
tintedhealth.com,"Techstars","2025"
tobe.energy,"Techstars","2025"
tolmo.com,"Y Combinator","Spring 2026"
toothy.ai,"Y Combinator","Winter 2025"
topological.com,"Y Combinator","Summer 2025"
tornyol.com,"Y Combinator","Fall 2025"
totalis.trade,"Y Combinator","Spring 2026"
touchmark.ai,"Y Combinator","Summer 2026"
tova.earth,"Techstars","2025"
tpp.network,"500 Global",""
trace.so,"Y Combinator","Summer 2025"
traceroot.ai,"Y Combinator","Summer 2025"
trackimed.com,"Techstars","2025"
trafficdatagroup.com,"Techstars","2025"
trainloop.ai,"Y Combinator","Winter 2025"
transload.io,"Y Combinator","Spring 2026"
trapezehealth.com,"Y Combinator","Spring 2025"
traverse.so,"Y Combinator","Winter 2026"
travoai.com,"Y Combinator","Winter 2026"
trelium.com,"Y Combinator","Fall 2025"
trellistech.com,"Y Combinator","Spring 2026"
trimresearch.com,"Y Combinator","Winter 2025"
trinzz.com,"Techstars","2025"
trope.ai,"Y Combinator","Summer 2026"
trophi.ai,"a16z Speedrun","SR004"
trustbytes.io,"Techstars","2025"
truthsystems.ai,"Y Combinator","Summer 2025"
tryalchemize.com,"Y Combinator","Spring 2026"
tryamby.com,"Y Combinator","Winter 2025"
tryardent.com,"Y Combinator","Spring 2026"
tryasimov.ai,"Y Combinator","Winter 2026"
tryastraea.com,"Y Combinator","Spring 2026"
tryaugust.com,"a16z Speedrun","SR006"
trybeluga.ai,"Y Combinator","Spring 2025"
trybezel.com,"Y Combinator","Winter 2025"
trybloom.ai,"Y Combinator","Spring 2026"
trycantaloupe.com,"Techstars","2025"
trycardinal.ai,"Y Combinator","Winter 2026"
trychannel3.com,"Y Combinator","Summer 2025"
trychert.com,"Y Combinator","Spring 2026"
trydenta.com,"Y Combinator","Summer 2026"
tryegress.com,"Y Combinator","Winter 2025"
tryelip.ai,"Y Combinator","Winter 2025"
tryfabrisight.com,"Techstars","2025"
tryfuse.ai,"Y Combinator","Winter 2025"
tryglen.com,"Y Combinator","Summer 2026"
tryinvo.com,"Y Combinator","Winter 2025"
trykinect.ai,"Y Combinator","Spring 2026"
trylapis.com,"Y Combinator","Fall 2025"
trylastminute.com,"Techstars","2025"
trymaven.com,"Y Combinator","Winter 2026"
trymaximal.com,"Y Combinator","Summer 2025"
trymemoir.ai,"Y Combinator","Spring 2026"
trymeridian.dev,"a16z Speedrun","SR006"
trymimos.com,"Y Combinator","Summer 2025"
tryminerva.ai,"Y Combinator","Spring 2025"
trymonte.ai,"Y Combinator","Summer 2025"
tryoctapulse.com,"Y Combinator","Winter 2026"
tryprism.com,"Y Combinator","Spring 2026"
tryq2q.com,"Y Combinator","Winter 2026"
tryquanto.com,"a16z Speedrun","SR006"
tryreplicas.com,"Y Combinator","Spring 2026"
tryrobby.com,"Y Combinator","Winter 2026"
trysaffron.ai,"Y Combinator","Spring 2026"
tryscope.app,"Y Combinator","Spring 2026"
tryscott.ai,"Y Combinator","Fall 2025"
trysnapp.ai,"a16z Speedrun","SR006"
trysonify.com,"Techstars","2025"
trystratify.com,"Y Combinator","Spring 2025"
trytrata.com,"Y Combinator","Winter 2025"
trytruffle.ai,"Y Combinator","Winter 2025"
trytrust.ai,"Y Combinator","Summer 2026"
tryvariant.ai,"a16z Speedrun","SR005"
tryvela.ai,"Y Combinator","Winter 2026"
tryverbal.com,"Techstars","2026"
tsenta.com,"Y Combinator","Summer 2026"
tummi.framer.website,"Techstars","2025"
turbosource.ai,"TinySeed","Spring 2026"
tutok.com.co,"Techstars","2025"
tweeks.io,"Y Combinator","Winter 2025"
twentytwo.bio,"Y Combinator","Summer 2025"
twolabs.ai,"Y Combinator","Spring 2026"
unbound.io,"a16z Speedrun","SR004"
uncommontherapeutics.com,"Y Combinator","Winter 2025"
understudylabs.com,"Y Combinator","Summer 2026"
unephra.com,"Techstars","2025"
unifiedtrack.ai,"Techstars","2025"
unifold.io,"Y Combinator","Winter 2026"
unifuel.tech,"Alchemist","Class 40"
unisson.ai,"Y Combinator","Winter 2026"
units.school,"Y Combinator","Spring 2025"
unsiloed.ai,"Y Combinator","Fall 2025"
uplane.com,"Y Combinator","Fall 2025"
upliftai.org,"Y Combinator","Summer 2025"
ursamining.com,"a16z Speedrun","SR005"
useacceler8.com,"a16z Speedrun","SR006"
useallowance.com,"Y Combinator","Spring 2026"
useandco.com,"Y Combinator","Spring 2026"
useautumn.com,"Y Combinator","Summer 2025"
useauxos.com,"Y Combinator","Spring 2026"
usebead.ai,"a16z Speedrun","SR005"
usebidflow.com,"Y Combinator","Winter 2026"
usebizzy.com,"Y Combinator","Summer 2025"
useboom.ai,"Y Combinator","Fall 2025"
usecandor.ai,"Y Combinator","Winter 2025"
usecardboard.com,"Y Combinator","Winter 2026"
usecascade.ai,"a16z Speedrun","SR006"
usecaucus.com,"Y Combinator","Spring 2025"
usechamber.io,"Y Combinator","Winter 2026"
usecreed.com,"a16z Speedrun","SR005"
usecrow.ai,"Y Combinator","Winter 2026"
usecrunched.com,"Y Combinator","Fall 2025"
usedefinite.com,"Y Combinator","Summer 2026"
usedrip.ai,"Y Combinator","Spring 2026"
usefeyn.com,"Y Combinator","Spring 2025"
useflai.com,"Y Combinator","Summer 2025"
useflywheel.ai,"Y Combinator","Summer 2025"
usegrade.com,"Y Combinator","Winter 2026"
usehammock.co,"a16z Speedrun","SR006"
usekestrel.ai,"Y Combinator","Fall 2025"
usekita.com,"Y Combinator","Winter 2026"
uselemma.ai,"Y Combinator","Fall 2025"
uselocal.co,"500 Global",""
usemesh.com,"Y Combinator","Winter 2025"
usemixy.com,"Y Combinator","Fall 2025"
usemod.ai,"Y Combinator","Fall 2025"
usenaive.ai,"Y Combinator","Spring 2025"
usenativ.com,"a16z Speedrun","SR004"
usepanels.com,"Y Combinator","Summer 2025"
useparrot.com,"Y Combinator","Spring 2026"
usepeppr.ai,"Y Combinator","Winter 2025"
useplaygent.com,"Y Combinator","Summer 2025"
usepolymorph.com,"Y Combinator","Winter 2026"
useprox.com,"Y Combinator","Fall 2025"
usereframe.ai,"Y Combinator","Winter 2026"
useremedy.co,"Y Combinator","Fall 2025"
userlens.io,"Y Combinator","Spring 2026"
usesalus.ai,"Y Combinator","Winter 2026"
usesettle.com,"TinySeed","Spring 2026"
usesieve.com,"Y Combinator","Spring 2025"
usesoren.com,"Y Combinator","Fall 2025"
usesparta.co,"a16z Speedrun","SR006"
usethirdchair.com,"Y Combinator","Spring 2025"
usetorus.com,"Y Combinator","Summer 2026"
usetrava.com,"Y Combinator","Winter 2025"
usetruffle.ai,"Y Combinator","Summer 2026"
utiva.co,"Techstars","2026"
utxos.dev,"Techstars","2025"
uxmagic.ai,"500 Global",""
uzimanexus.com,"Techstars","2025"
vakya.ai,"Techstars","2025"
valctrl.com,"Y Combinator","Spring 2026"
valence.trade,"Y Combinator","Winter 2026"
valenehealth.com,"Techstars","2025"
valgo.ai,"Y Combinator","Winter 2026"
valuemate.ai,"Y Combinator","Spring 2025"
vantel.com,"Y Combinator","Winter 2025"
variantnow.com,"a16z Speedrun","SR006"
vascai.com,"Techstars","2026"
vassarrobotics.com,"Y Combinator","Spring 2025"
vectorlegal.com,"Y Combinator","Winter 2026"
veena.studio,"Techstars","2025"
velum-labs.com,"Y Combinator","Winter 2026"
velvetlab.ai,"Y Combinator","Fall 2025"
vendo.run,"Y Combinator","Summer 2026"
vennre.com,"500 Global",""
ventura.ai,"Y Combinator","Winter 2026"
verbiflow.com,"Y Combinator","Winter 2025"
verdantapp.com,"Y Combinator","Summer 2026"
verdexai.com,"Y Combinator","Winter 2026"
vereda.ia.br,"a16z Speedrun","SR006"
verialabs.com,"Y Combinator","Fall 2025"
veritus.com,"Y Combinator","Summer 2025"
vernerobotics.com,"Y Combinator","Summer 2025"
vesence.com,"Y Combinator","Spring 2025"
vestris.ai,"Y Combinator","Summer 2026"
vetnio.com,"Y Combinator","Winter 2025"
vetnotes.com,"Techstars","2025"
vibeflow.ai,"Y Combinator","Summer 2025"
video.golpoai.com,"Y Combinator","Summer 2025"
videodraft.ai,"Techstars","2025"
visiblsemi.com,"Y Combinator","Winter 2026"
visionsync.com,"Techstars","2025"
vocadian.ai,"Techstars","2025"
vocalityhealth.com,"Y Combinator","Winter 2025"
vocations.io,"Techstars","2025"
voiceos.com,"Y Combinator","Spring 2025"
voltairlabs.com,"Y Combinator","Winter 2026"
voltfox.io,"Alchemist","Class 39"
voltium.ai,"Techstars","2025"
volumes.cloud,"Techstars","2026"
voquill.com,"Y Combinator","Spring 2026"
voxelenergy.com,"Y Combinator","Winter 2026"
voxqi.com,"Alchemist","Class 38"
voygr.tech,"Y Combinator","Winter 2026"
voythos.io,"Techstars","2025"
vulcan.ai,"Y Combinator","Summer 2025"
vybe.build,"Y Combinator","Spring 2025"
wafer.ai,"Y Combinator","Summer 2025"
waffle.ai,"Y Combinator","Spring 2025"
walter.one,"Y Combinator","Spring 2026"
wardstone.space,"Y Combinator","Fall 2025"
warestack.com,"Alchemist","Class 38"
wasapi.io,"TinySeed","Spring 2026"
watolabs.com,"Y Combinator","Spring 2026"
wattshift.com,"Techstars","2026"
wattsupev.io,"Techstars","2025"
wavedash.com,"Y Combinator","Spring 2025"
waveful.com,"a16z Speedrun","SR004"
wayco.ai,"Y Combinator","Winter 2026"
wayline.com,"Y Combinator","Summer 2025"
waypointtransit.com,"Y Combinator","Winter 2025"
we-hunter.com,"Techstars","2025"
wealor.ai,"Y Combinator","Spring 2026"
wearclair.com,"a16z Speedrun","SR006"
weaveos.com,"Y Combinator","Winter 2025"
wechain.mx,"Techstars","2026"
wedge.health,"Y Combinator","Summer 2025"
wekeza.com,"Techstars","2025"
wellspring.money,"Techstars","2025"
werevalence.com,"500 Global",""
whisperr.online,"500 Global",""
whitespacehq.ai,"Y Combinator","Summer 2026"
wideframe.com,"Y Combinator","Winter 2026"
wild-card.ai,"Y Combinator","Winter 2025"
willowvoice.com,"Y Combinator","Spring 2025"
wineopsys.com,"Techstars","2025"
winks.fun,"Techstars","2025"
wisecricket.ai,"500 Global",""
withai.co,"Y Combinator","Spring 2026"
withasync.com,"Y Combinator","Summer 2026"
withbasis.co,"a16z Speedrun","SR005"
withkairos.co,"Y Combinator","Spring 2025"
withmetis.ai,"Y Combinator","Summer 2025"
withnara.com,"Techstars","2025"
withnixo.com,"Y Combinator","Summer 2025"
withpanacea.com,"Y Combinator","Spring 2026"
withpanorama.com,"a16z Speedrun","SR006"
withriviera.com,"Y Combinator","Winter 2025"
withrovr.com,"Y Combinator","Fall 2025"
withsam.com,"a16z Speedrun","SR006"
withsherpa.ai,"Y Combinator","Spring 2026"
withspecific.com,"Y Combinator","Fall 2025"
worksimplr.com,"Techstars","2025"
wozcode.com,"Y Combinator","Winter 2025"
wyld.land,"a16z Speedrun","SR004"
xillions.ai,"Techstars","2025"
xitester.com,"Alchemist","Class 41"
xmap.ai,"Alchemist","Class 39"
xsquare.biz,"500 Global",""
yieldtools.com,"Alchemist","Class 41"
ykb.app,"a16z Speedrun","SR005"
you-shift.com,"Y Combinator","Winter 2025"
youart.ai,"Y Combinator","Spring 2026"
zafra.cloud,"Techstars","2025"
zalos.ai,"Y Combinator","Fall 2025"
zarnaai.com,"Y Combinator","Fall 2025"
zatanna.ai,"Y Combinator","Winter 2026"
zavopay.com,"Y Combinator","Fall 2025"
zavu.dev,"500 Global",""
zeabur.com,"500 Global",""
zeehub.ai,"Alchemist","Class 40"
zenadmin.ai,"500 Global",""
zenbu.dev,"Y Combinator","Spring 2026"
zeonsystems.ai,"Y Combinator","Spring 2025"
zephyrfusion.com,"Y Combinator","Fall 2025"
zerobillion.ai,"a16z Speedrun","SR005"
zerodrift.ai,"a16z Speedrun","SR006"
zeroentropy.dev,"Y Combinator","Winter 2025"
zerosettle.io,"Y Combinator","Winter 2026"
zibralabs.ai,"Y Combinator","Spring 2026"
zingroll.com,"a16z Speedrun","SR005"
zmode.com,"Techstars","2025"
zolvo.com,"Y Combinator","Spring 2026"
zommalabs.com,"Y Combinator","Summer 2026"
zwipe.co,"Techstars","2026"
zymbly.com,"Y Combinator","Winter 2026"
